<?xml version="1.0" encoding="UTF-8" standalone="yes"?>
<cocktail.snippet.SnippetSet>
    <avgLenSec>4.87217620381486</avgLenSec>
    <maxLenSec>11.648934240362811</maxLenSec>
    <minLenSec>0.73</minLenSec>
    <numSnippets>34</numSnippets>
    <setName>2016-06-03-17-24-02-027</setName>
    <snippetCollection>
        <creationDate>2016-06-03</creationDate>
        <fileID>82</fileID>
        <fileName>b-rapphöna-4_103.wav</fileName>
        <kbSize>125</kbSize>
        <lastModified>2016-06-03</lastModified>
        <lengthSec>0.73</lengthSec>
        <multiples>0</multiples>
        <snippetID>103</snippetID>
        <startTime>0.0</startTime>
        <tagNames>rapphöna</tagNames>
        <tagNames>demo-skogsfågel</tagNames>
        <userID>5</userID>
        <userName>Unknown</userName>
    </snippetCollection>
    <snippetCollection>
        <creationDate>2016-06-03</creationDate>
        <fileID>115</fileID>
        <fileName>dalripa-3_146.wav</fileName>
        <kbSize>163</kbSize>
        <lastModified>2016-06-03</lastModified>
        <lengthSec>0.95</lengthSec>
        <multiples>0</multiples>
        <snippetID>146</snippetID>
        <startTime>0.0</startTime>
        <tagNames>dalripa</tagNames>
        <tagNames>demo-skogsfågel</tagNames>
        <userID>5</userID>
        <userName>Unknown</userName>
    </snippetCollection>
    <snippetCollection>
        <creationDate>2016-06-03</creationDate>
        <fileID>108</fileID>
        <fileName>dalripa-2_137.wav</fileName>
        <kbSize>174</kbSize>
        <lastModified>2016-06-03</lastModified>
        <lengthSec>1.01</lengthSec>
        <multiples>0</multiples>
        <snippetID>137</snippetID>
        <startTime>0.0</startTime>
        <tagNames>dalripa</tagNames>
        <tagNames>demo-skogsfågel</tagNames>
        <userID>5</userID>
        <userName>Unknown</userName>
    </snippetCollection>
    <snippetCollection>
        <creationDate>2016-06-03</creationDate>
        <fileID>107</fileID>
        <fileName>dalripa-1_136.wav</fileName>
        <kbSize>272</kbSize>
        <lastModified>2016-06-03</lastModified>
        <lengthSec>1.5800226757369615</lengthSec>
        <multiples>0</multiples>
        <snippetID>136</snippetID>
        <startTime>0.0</startTime>
        <tagNames>dalripa</tagNames>
        <tagNames>demo-skogsfågel</tagNames>
        <userID>5</userID>
        <userName>Unknown</userName>
    </snippetCollection>
    <snippetCollection>
        <creationDate>2016-06-03</creationDate>
        <fileID>89</fileID>
        <fileName>b-rödhake-3_118.wav</fileName>
        <kbSize>403</kbSize>
        <lastModified>2016-06-03</lastModified>
        <lengthSec>2.34</lengthSec>
        <multiples>0</multiples>
        <snippetID>118</snippetID>
        <startTime>0.0</startTime>
        <tagNames>rödhake</tagNames>
        <tagNames>demo-skogsfågel</tagNames>
        <userID>5</userID>
        <userName>Unknown</userName>
    </snippetCollection>
    <snippetCollection>
        <creationDate>2016-06-03</creationDate>
        <fileID>117</fileID>
        <fileName>dalripa-5_148.wav</fileName>
        <kbSize>411</kbSize>
        <lastModified>2016-06-03</lastModified>
        <lengthSec>2.3900226757369616</lengthSec>
        <multiples>0</multiples>
        <snippetID>148</snippetID>
        <startTime>0.0</startTime>
        <tagNames>dalripa</tagNames>
        <tagNames>demo-skogsfågel</tagNames>
        <userID>5</userID>
        <userName>Unknown</userName>
    </snippetCollection>
    <snippetCollection>
        <creationDate>2016-06-03</creationDate>
        <fileID>118</fileID>
        <fileName>dalripa-6_149.wav</fileName>
        <kbSize>487</kbSize>
        <lastModified>2016-06-03</lastModified>
        <lengthSec>2.83</lengthSec>
        <multiples>0</multiples>
        <snippetID>149</snippetID>
        <startTime>0.0</startTime>
        <tagNames>dalripa</tagNames>
        <tagNames>demo-skogsfågel</tagNames>
        <userID>5</userID>
        <userName>Unknown</userName>
    </snippetCollection>
    <snippetCollection>
        <creationDate>2016-06-03</creationDate>
        <fileID>67</fileID>
        <fileName>b-duvhök-2_88.wav</fileName>
        <kbSize>563</kbSize>
        <lastModified>2016-06-03</lastModified>
        <lengthSec>3.27</lengthSec>
        <multiples>0</multiples>
        <snippetID>88</snippetID>
        <startTime>0.0</startTime>
        <tagNames>duvhök</tagNames>
        <tagNames>demo-skogsfågel</tagNames>
        <userID>5</userID>
        <userName>Unknown</userName>
    </snippetCollection>
    <snippetCollection>
        <creationDate>2016-06-03</creationDate>
        <fileID>116</fileID>
        <fileName>dalripa-4_147.wav</fileName>
        <kbSize>570</kbSize>
        <lastModified>2016-06-03</lastModified>
        <lengthSec>3.31</lengthSec>
        <multiples>0</multiples>
        <snippetID>147</snippetID>
        <startTime>0.0</startTime>
        <tagNames>dalripa</tagNames>
        <tagNames>demo-skogsfågel</tagNames>
        <userID>5</userID>
        <userName>Unknown</userName>
    </snippetCollection>
    <snippetCollection>
        <creationDate>2016-06-03</creationDate>
        <fileID>91</fileID>
        <fileName>b-spillkråka-1_120.wav</fileName>
        <kbSize>590</kbSize>
        <lastModified>2016-06-03</lastModified>
        <lengthSec>3.43</lengthSec>
        <multiples>0</multiples>
        <snippetID>120</snippetID>
        <startTime>0.0</startTime>
        <tagNames>spillkråka</tagNames>
        <tagNames>demo-skogsfågel</tagNames>
        <userID>5</userID>
        <userName>Unknown</userName>
    </snippetCollection>
    <snippetCollection>
        <creationDate>2016-06-03</creationDate>
        <fileID>71</fileID>
        <fileName>b-gök-2_92.wav</fileName>
        <kbSize>626</kbSize>
        <lastModified>2016-06-03</lastModified>
        <lengthSec>3.6347165532879817</lengthSec>
        <multiples>0</multiples>
        <snippetID>92</snippetID>
        <startTime>0.0</startTime>
        <tagNames>gök</tagNames>
        <tagNames>demo-skogsfågel</tagNames>
        <userID>5</userID>
        <userName>Unknown</userName>
    </snippetCollection>
    <snippetCollection>
        <creationDate>2016-06-03</creationDate>
        <fileID>88</fileID>
        <fileName>b-rödhake-2_117.wav</fileName>
        <kbSize>675</kbSize>
        <lastModified>2016-06-03</lastModified>
        <lengthSec>3.92</lengthSec>
        <multiples>0</multiples>
        <snippetID>117</snippetID>
        <startTime>0.0</startTime>
        <tagNames>rödhake</tagNames>
        <tagNames>demo-skogsfågel</tagNames>
        <userID>5</userID>
        <userName>Unknown</userName>
    </snippetCollection>
    <snippetCollection>
        <creationDate>2016-06-03</creationDate>
        <fileID>98</fileID>
        <fileName>b-trädpiplära-1_127.wav</fileName>
        <kbSize>689</kbSize>
        <lastModified>2016-06-03</lastModified>
        <lengthSec>4.0</lengthSec>
        <multiples>0</multiples>
        <snippetID>127</snippetID>
        <startTime>0.0</startTime>
        <tagNames>trädpiplärka</tagNames>
        <tagNames>demo-skogsfågel</tagNames>
        <userID>5</userID>
        <userName>Unknown</userName>
    </snippetCollection>
    <snippetCollection>
        <creationDate>2016-06-03</creationDate>
        <fileID>95</fileID>
        <fileName>b-spillkråka-3_124.wav</fileName>
        <kbSize>730</kbSize>
        <lastModified>2016-06-03</lastModified>
        <lengthSec>4.24</lengthSec>
        <multiples>0</multiples>
        <snippetID>124</snippetID>
        <startTime>0.0</startTime>
        <tagNames>spillkråka</tagNames>
        <tagNames>demo-skogsfågel</tagNames>
        <userID>5</userID>
        <userName>Unknown</userName>
    </snippetCollection>
    <snippetCollection>
        <creationDate>2016-06-03</creationDate>
        <fileID>70</fileID>
        <fileName>b-gök-1_91.wav</fileName>
        <kbSize>742</kbSize>
        <lastModified>2016-06-03</lastModified>
        <lengthSec>4.309183673469388</lengthSec>
        <multiples>0</multiples>
        <snippetID>91</snippetID>
        <startTime>0.0</startTime>
        <tagNames>gök</tagNames>
        <tagNames>demo-skogsfågel</tagNames>
        <userID>5</userID>
        <userName>Unknown</userName>
    </snippetCollection>
    <snippetCollection>
        <creationDate>2016-06-03</creationDate>
        <fileID>66</fileID>
        <fileName>b-duvhök-1_87.wav</fileName>
        <kbSize>830</kbSize>
        <lastModified>2016-06-03</lastModified>
        <lengthSec>4.82</lengthSec>
        <multiples>0</multiples>
        <snippetID>87</snippetID>
        <startTime>0.0</startTime>
        <tagNames>duvhök</tagNames>
        <tagNames>demo-skogsfågel</tagNames>
        <userID>5</userID>
        <userName>Unknown</userName>
    </snippetCollection>
    <snippetCollection>
        <creationDate>2016-06-03</creationDate>
        <fileID>83</fileID>
        <fileName>b-ringduva-1_104.wav</fileName>
        <kbSize>857</kbSize>
        <lastModified>2016-06-03</lastModified>
        <lengthSec>4.977301587301588</lengthSec>
        <multiples>0</multiples>
        <snippetID>104</snippetID>
        <startTime>0.0</startTime>
        <tagNames>ringduva</tagNames>
        <tagNames>demo-skogsfågel</tagNames>
        <userID>5</userID>
        <userName>Unknown</userName>
    </snippetCollection>
    <snippetCollection>
        <creationDate>2016-06-03</creationDate>
        <fileID>102</fileID>
        <fileName>b-trädpiplära-5_131.wav</fileName>
        <kbSize>880</kbSize>
        <lastModified>2016-06-03</lastModified>
        <lengthSec>5.1138548752834465</lengthSec>
        <multiples>0</multiples>
        <snippetID>131</snippetID>
        <startTime>0.0</startTime>
        <tagNames>trädpiplärka</tagNames>
        <tagNames>demo-skogsfågel</tagNames>
        <userID>5</userID>
        <userName>Unknown</userName>
    </snippetCollection>
    <snippetCollection>
        <creationDate>2016-06-03</creationDate>
        <fileID>87</fileID>
        <fileName>b-rödhake-1_116.wav</fileName>
        <kbSize>892</kbSize>
        <lastModified>2016-06-03</lastModified>
        <lengthSec>5.18</lengthSec>
        <multiples>0</multiples>
        <snippetID>116</snippetID>
        <startTime>0.0</startTime>
        <tagNames>rödhake</tagNames>
        <tagNames>demo-skogsfågel</tagNames>
        <userID>5</userID>
        <userName>Unknown</userName>
    </snippetCollection>
    <snippetCollection>
        <creationDate>2016-06-03</creationDate>
        <fileID>79</fileID>
        <fileName>b-rapphöna-1_100.wav</fileName>
        <kbSize>932</kbSize>
        <lastModified>2016-06-03</lastModified>
        <lengthSec>5.41</lengthSec>
        <multiples>0</multiples>
        <snippetID>100</snippetID>
        <startTime>0.0</startTime>
        <tagNames>rapphöna</tagNames>
        <tagNames>demo-skogsfågel</tagNames>
        <userID>5</userID>
        <userName>Unknown</userName>
    </snippetCollection>
    <snippetCollection>
        <creationDate>2016-06-03</creationDate>
        <fileID>78</fileID>
        <fileName>b-orre-1_99.wav</fileName>
        <kbSize>945</kbSize>
        <lastModified>2016-06-03</lastModified>
        <lengthSec>5.49</lengthSec>
        <multiples>0</multiples>
        <snippetID>99</snippetID>
        <startTime>0.0</startTime>
        <tagNames>orre</tagNames>
        <tagNames>demo-skogsfågel</tagNames>
        <userID>5</userID>
        <userName>Unknown</userName>
    </snippetCollection>
    <snippetCollection>
        <creationDate>2016-06-03</creationDate>
        <fileID>84</fileID>
        <fileName>b-ringduva-2_105.wav</fileName>
        <kbSize>946</kbSize>
        <lastModified>2016-06-03</lastModified>
        <lengthSec>5.492403628117914</lengthSec>
        <multiples>0</multiples>
        <snippetID>105</snippetID>
        <startTime>0.0</startTime>
        <tagNames>ringduva</tagNames>
        <tagNames>demo-skogsfågel</tagNames>
        <userID>5</userID>
        <userName>Unknown</userName>
    </snippetCollection>
    <snippetCollection>
        <creationDate>2016-06-03</creationDate>
        <fileID>94</fileID>
        <fileName>b-spillkråka-2_123.wav</fileName>
        <kbSize>978</kbSize>
        <lastModified>2016-06-03</lastModified>
        <lengthSec>5.68</lengthSec>
        <multiples>0</multiples>
        <snippetID>123</snippetID>
        <startTime>0.0</startTime>
        <tagNames>spillkråka</tagNames>
        <tagNames>demo-skogsfågel</tagNames>
        <userID>5</userID>
        <userName>Unknown</userName>
    </snippetCollection>
    <snippetCollection>
        <creationDate>2016-06-03</creationDate>
        <fileID>69</fileID>
        <fileName>b-duvhök-4_90.wav</fileName>
        <kbSize>1028</kbSize>
        <lastModified>2016-06-03</lastModified>
        <lengthSec>5.97</lengthSec>
        <multiples>0</multiples>
        <snippetID>90</snippetID>
        <startTime>0.0</startTime>
        <tagNames>duvhök</tagNames>
        <tagNames>demo-skogsfågel</tagNames>
        <userID>5</userID>
        <userName>Unknown</userName>
    </snippetCollection>
    <snippetCollection>
        <creationDate>2016-06-03</creationDate>
        <fileID>74</fileID>
        <fileName>b-kornknarr-2_95.wav</fileName>
        <kbSize>1043</kbSize>
        <lastModified>2016-06-03</lastModified>
        <lengthSec>6.06</lengthSec>
        <multiples>0</multiples>
        <snippetID>95</snippetID>
        <startTime>0.0</startTime>
        <tagNames>kornknarr</tagNames>
        <tagNames>demo-skogsfågel</tagNames>
        <userID>5</userID>
        <userName>Unknown</userName>
    </snippetCollection>
    <snippetCollection>
        <creationDate>2016-06-03</creationDate>
        <fileID>90</fileID>
        <fileName>b-rödhake-4_119.wav</fileName>
        <kbSize>1052</kbSize>
        <lastModified>2016-06-03</lastModified>
        <lengthSec>6.11</lengthSec>
        <multiples>0</multiples>
        <snippetID>119</snippetID>
        <startTime>0.0</startTime>
        <tagNames>rödhake</tagNames>
        <tagNames>demo-skogsfågel</tagNames>
        <userID>5</userID>
        <userName>Unknown</userName>
    </snippetCollection>
    <snippetCollection>
        <creationDate>2016-06-03</creationDate>
        <fileID>81</fileID>
        <fileName>b-rapphöna-3_102.wav</fileName>
        <kbSize>1088</kbSize>
        <lastModified>2016-06-03</lastModified>
        <lengthSec>6.32</lengthSec>
        <multiples>0</multiples>
        <snippetID>102</snippetID>
        <startTime>0.0</startTime>
        <tagNames>rapphöna</tagNames>
        <tagNames>demo-skogsfågel</tagNames>
        <userID>5</userID>
        <userName>Unknown</userName>
    </snippetCollection>
    <snippetCollection>
        <creationDate>2016-06-03</creationDate>
        <fileID>72</fileID>
        <fileName>b-gök-3_93.wav</fileName>
        <kbSize>1121</kbSize>
        <lastModified>2016-06-03</lastModified>
        <lengthSec>6.5075056689342405</lengthSec>
        <multiples>0</multiples>
        <snippetID>93</snippetID>
        <startTime>0.0</startTime>
        <tagNames>gök</tagNames>
        <tagNames>demo-skogsfågel</tagNames>
        <userID>5</userID>
        <userName>Unknown</userName>
    </snippetCollection>
    <snippetCollection>
        <creationDate>2016-06-03</creationDate>
        <fileID>99</fileID>
        <fileName>b-trädpiplära-2_128.wav</fileName>
        <kbSize>1267</kbSize>
        <lastModified>2016-06-03</lastModified>
        <lengthSec>7.360022675736961</lengthSec>
        <multiples>0</multiples>
        <snippetID>128</snippetID>
        <startTime>0.0</startTime>
        <tagNames>trädpiplärka</tagNames>
        <tagNames>demo-skogsfågel</tagNames>
        <userID>5</userID>
        <userName>Unknown</userName>
    </snippetCollection>
    <snippetCollection>
        <creationDate>2016-06-03</creationDate>
        <fileID>100</fileID>
        <fileName>b-trädpiplära-3_129.wav</fileName>
        <kbSize>1292</kbSize>
        <lastModified>2016-06-03</lastModified>
        <lengthSec>7.5</lengthSec>
        <multiples>0</multiples>
        <snippetID>129</snippetID>
        <startTime>0.0</startTime>
        <tagNames>trädpiplärka</tagNames>
        <tagNames>demo-skogsfågel</tagNames>
        <userID>5</userID>
        <userName>Unknown</userName>
    </snippetCollection>
    <snippetCollection>
        <creationDate>2016-06-03</creationDate>
        <fileID>73</fileID>
        <fileName>b-kornknarr-1_94.wav</fileName>
        <kbSize>1321</kbSize>
        <lastModified>2016-06-03</lastModified>
        <lengthSec>7.67</lengthSec>
        <multiples>0</multiples>
        <snippetID>94</snippetID>
        <startTime>0.0</startTime>
        <tagNames>kornknarr</tagNames>
        <tagNames>demo-skogsfågel</tagNames>
        <userID>5</userID>
        <userName>Unknown</userName>
    </snippetCollection>
    <snippetCollection>
        <creationDate>2016-06-03</creationDate>
        <fileID>68</fileID>
        <fileName>b-duvhök-3_89.wav</fileName>
        <kbSize>1347</kbSize>
        <lastModified>2016-06-03</lastModified>
        <lengthSec>7.820022675736961</lengthSec>
        <multiples>0</multiples>
        <snippetID>89</snippetID>
        <startTime>0.0</startTime>
        <tagNames>duvhök</tagNames>
        <tagNames>demo-skogsfågel</tagNames>
        <userID>5</userID>
        <userName>Unknown</userName>
    </snippetCollection>
    <snippetCollection>
        <creationDate>2016-06-03</creationDate>
        <fileID>80</fileID>
        <fileName>b-rapphöna-2_101.wav</fileName>
        <kbSize>1478</kbSize>
        <lastModified>2016-06-03</lastModified>
        <lengthSec>8.58</lengthSec>
        <multiples>0</multiples>
        <snippetID>101</snippetID>
        <startTime>0.0</startTime>
        <tagNames>rapphöna</tagNames>
        <tagNames>demo-skogsfågel</tagNames>
        <userID>5</userID>
        <userName>Unknown</userName>
    </snippetCollection>
    <snippetCollection>
        <creationDate>2016-06-03</creationDate>
        <fileID>101</fileID>
        <fileName>b-trädpiplära-4_130.wav</fileName>
        <kbSize>2006</kbSize>
        <lastModified>2016-06-03</lastModified>
        <lengthSec>11.648934240362811</lengthSec>
        <multiples>0</multiples>
        <snippetID>130</snippetID>
        <startTime>0.0</startTime>
        <tagNames>trädpiplärka</tagNames>
        <tagNames>demo-skogsfågel</tagNames>
        <userID>5</userID>
        <userName>Unknown</userName>
    </snippetCollection>
    <tagsInSet>dalripa</tagsInSet>
    <tagsInSet>demo-skogsfågel</tagsInSet>
    <tagsInSet>duvhök</tagsInSet>
    <tagsInSet>gök</tagsInSet>
    <tagsInSet>kornknarr</tagsInSet>
    <tagsInSet>orre</tagsInSet>
    <tagsInSet>rapphöna</tagsInSet>
    <tagsInSet>ringduva</tagsInSet>
    <tagsInSet>rödhake</tagsInSet>
    <tagsInSet>spillkråka</tagsInSet>
    <tagsInSet>trädpiplärka</tagsInSet>
</cocktail.snippet.SnippetSet>
