<?xml version="1.0" encoding="UTF-8" standalone="yes"?>
<cocktail.snippet.SnippetSet>
    <avgLenSec>4.047876893939395</avgLenSec>
    <maxLenSec>6.710020833333333</maxLenSec>
    <minLenSec>1.6898333333333333</minLenSec>
    <numSnippets>22</numSnippets>
    <setName>2016-06-02-15-01-07-131</setName>
    <snippetCollection>
        <creationDate>2016-05-18</creationDate>
        <fileID>3229</fileID>
        <fileName>b-sk%C3%A4ggdopping-2_153.wav</fileName>
        <kbSize>291</kbSize>
        <lastModified>2016-05-18</lastModified>
        <lengthSec>1.6898333333333333</lengthSec>
        <multiples>0</multiples>
        <snippetID>153</snippetID>
        <startTime>0.0</startTime>
        <tagNames>great_crested_grebe</tagNames>
        <tagNames>skäggdopping</tagNames>
        <tagNames>vingburet_djur</tagNames>
        <tagNames>bird</tagNames>
        <tagNames>sea</tagNames>
        <tagNames>sjö</tagNames>
        <tagNames>.demo-sea-bird</tagNames>
        <userID>3</userID>
        <userName>Admin</userName>
    </snippetCollection>
    <snippetCollection>
        <creationDate>2016-05-18</creationDate>
        <fileID>3225</fileID>
        <fileName>b-sillgrissla-2_145.wav</fileName>
        <kbSize>334</kbSize>
        <lastModified>2016-05-18</lastModified>
        <lengthSec>1.94</lengthSec>
        <multiples>0</multiples>
        <snippetID>145</snippetID>
        <startTime>0.0</startTime>
        <tagNames>guillemot</tagNames>
        <tagNames>sillgrissla</tagNames>
        <tagNames>vingburet_djur</tagNames>
        <tagNames>bird</tagNames>
        <tagNames>sea</tagNames>
        <tagNames>sjö</tagNames>
        <tagNames>.demo-sea-bird</tagNames>
        <userID>3</userID>
        <userName>Admin</userName>
    </snippetCollection>
    <snippetCollection>
        <creationDate>2016-05-18</creationDate>
        <fileID>3223</fileID>
        <fileName>b-prutg%C3%A5s-1_143.wav</fileName>
        <kbSize>447</kbSize>
        <lastModified>2016-05-18</lastModified>
        <lengthSec>2.6</lengthSec>
        <multiples>0</multiples>
        <snippetID>143</snippetID>
        <startTime>0.0</startTime>
        <tagNames>brent_goose</tagNames>
        <tagNames>prutgås</tagNames>
        <tagNames>vingburet_djur</tagNames>
        <tagNames>bird</tagNames>
        <tagNames>sea</tagNames>
        <tagNames>sjö</tagNames>
        <tagNames>.demo-sea-bird</tagNames>
        <userID>3</userID>
        <userName>Admin</userName>
    </snippetCollection>
    <snippetCollection>
        <creationDate>2016-05-18</creationDate>
        <fileID>3224</fileID>
        <fileName>b-sillgrissla-1_144.wav</fileName>
        <kbSize>453</kbSize>
        <lastModified>2016-05-18</lastModified>
        <lengthSec>2.63</lengthSec>
        <multiples>0</multiples>
        <snippetID>144</snippetID>
        <startTime>0.0</startTime>
        <tagNames>guillemot</tagNames>
        <tagNames>sillgrissla</tagNames>
        <tagNames>vingburet_djur</tagNames>
        <tagNames>bird</tagNames>
        <tagNames>sea</tagNames>
        <tagNames>sjö</tagNames>
        <tagNames>.demo-sea-bird</tagNames>
        <userID>3</userID>
        <userName>Admin</userName>
    </snippetCollection>
    <snippetCollection>
        <creationDate>2016-05-18</creationDate>
        <fileID>3228</fileID>
        <fileName>b-sk%C3%A4ggdopping-1_152.wav</fileName>
        <kbSize>497</kbSize>
        <lastModified>2016-05-18</lastModified>
        <lengthSec>2.8879166666666665</lengthSec>
        <multiples>0</multiples>
        <snippetID>152</snippetID>
        <startTime>0.0</startTime>
        <tagNames>great_crested_grebe</tagNames>
        <tagNames>skäggdopping</tagNames>
        <tagNames>vingburet_djur</tagNames>
        <tagNames>bird</tagNames>
        <tagNames>sea</tagNames>
        <tagNames>sjö</tagNames>
        <tagNames>.demo-sea-bird</tagNames>
        <userID>3</userID>
        <userName>Admin</userName>
    </snippetCollection>
    <snippetCollection>
        <creationDate>2016-05-18</creationDate>
        <fileID>3232</fileID>
        <fileName>b-skrattm%C3%A5s-3_150.wav</fileName>
        <kbSize>504</kbSize>
        <lastModified>2016-05-18</lastModified>
        <lengthSec>2.93</lengthSec>
        <multiples>0</multiples>
        <snippetID>150</snippetID>
        <startTime>0.0</startTime>
        <tagNames>gull</tagNames>
        <tagNames>skrattmås</tagNames>
        <tagNames>vingburet_djur</tagNames>
        <tagNames>bird</tagNames>
        <tagNames>sea</tagNames>
        <tagNames>sjö</tagNames>
        <tagNames>.demo-sea-bird</tagNames>
        <userID>3</userID>
        <userName>Admin</userName>
    </snippetCollection>
    <snippetCollection>
        <creationDate>2016-05-18</creationDate>
        <fileID>3230</fileID>
        <fileName>b-skrattm%C3%A5s-1_148.wav</fileName>
        <kbSize>509</kbSize>
        <lastModified>2016-05-18</lastModified>
        <lengthSec>2.96</lengthSec>
        <multiples>0</multiples>
        <snippetID>148</snippetID>
        <startTime>0.0</startTime>
        <tagNames>gull</tagNames>
        <tagNames>skrattmås</tagNames>
        <tagNames>vingburet_djur</tagNames>
        <tagNames>bird</tagNames>
        <tagNames>sea</tagNames>
        <tagNames>sjö</tagNames>
        <tagNames>.demo-sea-bird</tagNames>
        <userID>3</userID>
        <userName>Admin</userName>
    </snippetCollection>
    <snippetCollection>
        <creationDate>2016-05-18</creationDate>
        <fileID>3226</fileID>
        <fileName>b-sillgrissla-3_146.wav</fileName>
        <kbSize>530</kbSize>
        <lastModified>2016-05-18</lastModified>
        <lengthSec>3.08</lengthSec>
        <multiples>0</multiples>
        <snippetID>146</snippetID>
        <startTime>0.0</startTime>
        <tagNames>guillemot</tagNames>
        <tagNames>sillgrissla</tagNames>
        <tagNames>vingburet_djur</tagNames>
        <tagNames>bird</tagNames>
        <tagNames>sea</tagNames>
        <tagNames>sjö</tagNames>
        <tagNames>.demo-sea-bird</tagNames>
        <userID>3</userID>
        <userName>Admin</userName>
    </snippetCollection>
    <snippetCollection>
        <creationDate>2016-05-18</creationDate>
        <fileID>3222</fileID>
        <fileName>b-havstrut-4_142.wav</fileName>
        <kbSize>547</kbSize>
        <lastModified>2016-05-18</lastModified>
        <lengthSec>3.18</lengthSec>
        <multiples>0</multiples>
        <snippetID>142</snippetID>
        <startTime>0.0</startTime>
        <tagNames>backed_gull</tagNames>
        <tagNames>havstrut</tagNames>
        <tagNames>vingburet_djur</tagNames>
        <tagNames>bird</tagNames>
        <tagNames>sea</tagNames>
        <tagNames>sjö</tagNames>
        <tagNames>.demo-sea-bird</tagNames>
        <userID>3</userID>
        <userName>Admin</userName>
    </snippetCollection>
    <snippetCollection>
        <creationDate>2016-05-18</creationDate>
        <fileID>3218</fileID>
        <fileName>b-gravand-2_135.wav</fileName>
        <kbSize>561</kbSize>
        <lastModified>2016-05-18</lastModified>
        <lengthSec>3.26</lengthSec>
        <multiples>0</multiples>
        <snippetID>135</snippetID>
        <startTime>0.0</startTime>
        <tagNames>gravand</tagNames>
        <tagNames>shelduck</tagNames>
        <tagNames>vingburet_djur</tagNames>
        <tagNames>bird</tagNames>
        <tagNames>sea</tagNames>
        <tagNames>sjö</tagNames>
        <tagNames>.demo-sea-bird</tagNames>
        <userID>3</userID>
        <userName>Admin</userName>
    </snippetCollection>
    <snippetCollection>
        <creationDate>2016-05-18</creationDate>
        <fileID>3221</fileID>
        <fileName>b-havstrut-3_141.wav</fileName>
        <kbSize>682</kbSize>
        <lastModified>2016-05-18</lastModified>
        <lengthSec>3.96</lengthSec>
        <multiples>0</multiples>
        <snippetID>141</snippetID>
        <startTime>0.0</startTime>
        <tagNames>backed_gull</tagNames>
        <tagNames>havstrut</tagNames>
        <tagNames>vingburet_djur</tagNames>
        <tagNames>bird</tagNames>
        <tagNames>sea</tagNames>
        <tagNames>sjö</tagNames>
        <tagNames>.demo-sea-bird</tagNames>
        <userID>3</userID>
        <userName>Admin</userName>
    </snippetCollection>
    <snippetCollection>
        <creationDate>2016-05-18</creationDate>
        <fileID>3227</fileID>
        <fileName>b-sillgrissla-4_147.wav</fileName>
        <kbSize>692</kbSize>
        <lastModified>2016-05-18</lastModified>
        <lengthSec>4.020020833333334</lengthSec>
        <multiples>0</multiples>
        <snippetID>147</snippetID>
        <startTime>0.0</startTime>
        <tagNames>guillemot</tagNames>
        <tagNames>sillgrissla</tagNames>
        <tagNames>vingburet_djur</tagNames>
        <tagNames>bird</tagNames>
        <tagNames>sea</tagNames>
        <tagNames>sjö</tagNames>
        <tagNames>.demo-sea-bird</tagNames>
        <userID>3</userID>
        <userName>Admin</userName>
    </snippetCollection>
    <snippetCollection>
        <creationDate>2016-05-18</creationDate>
        <fileID>3231</fileID>
        <fileName>b-skrattm%C3%A5s-2_149.wav</fileName>
        <kbSize>739</kbSize>
        <lastModified>2016-05-18</lastModified>
        <lengthSec>4.29</lengthSec>
        <multiples>0</multiples>
        <snippetID>149</snippetID>
        <startTime>0.0</startTime>
        <tagNames>gull</tagNames>
        <tagNames>skrattmås</tagNames>
        <tagNames>vingburet_djur</tagNames>
        <tagNames>bird</tagNames>
        <tagNames>sea</tagNames>
        <tagNames>sjö</tagNames>
        <tagNames>.demo-sea-bird</tagNames>
        <userID>3</userID>
        <userName>Admin</userName>
    </snippetCollection>
    <snippetCollection>
        <creationDate>2016-05-18</creationDate>
        <fileID>3219</fileID>
        <fileName>b-havstrut-1_139.wav</fileName>
        <kbSize>740</kbSize>
        <lastModified>2016-05-18</lastModified>
        <lengthSec>4.3</lengthSec>
        <multiples>0</multiples>
        <snippetID>139</snippetID>
        <startTime>0.0</startTime>
        <tagNames>backed_gull</tagNames>
        <tagNames>havstrut</tagNames>
        <tagNames>vingburet_djur</tagNames>
        <tagNames>bird</tagNames>
        <tagNames>sea</tagNames>
        <tagNames>sjö</tagNames>
        <tagNames>.demo-sea-bird</tagNames>
        <userID>3</userID>
        <userName>Admin</userName>
    </snippetCollection>
    <snippetCollection>
        <creationDate>2016-05-18</creationDate>
        <fileID>3216</fileID>
        <fileName>b-gr%C3%A5hakedopping-4_138.wav</fileName>
        <kbSize>809</kbSize>
        <lastModified>2016-05-18</lastModified>
        <lengthSec>4.7</lengthSec>
        <multiples>0</multiples>
        <snippetID>138</snippetID>
        <startTime>0.0</startTime>
        <tagNames>red-necked_grebe</tagNames>
        <tagNames>grhakedopping</tagNames>
        <tagNames>vingburet_djur</tagNames>
        <tagNames>bird</tagNames>
        <tagNames>sea</tagNames>
        <tagNames>sjö</tagNames>
        <tagNames>.demo-sea-bird</tagNames>
        <userID>3</userID>
        <userName>Admin</userName>
    </snippetCollection>
    <snippetCollection>
        <creationDate>2016-05-18</creationDate>
        <fileID>3217</fileID>
        <fileName>b-gravand-1_134.wav</fileName>
        <kbSize>825</kbSize>
        <lastModified>2016-05-18</lastModified>
        <lengthSec>4.79</lengthSec>
        <multiples>0</multiples>
        <snippetID>134</snippetID>
        <startTime>0.0</startTime>
        <tagNames>gravand</tagNames>
        <tagNames>shelduck</tagNames>
        <tagNames>vingburet_djur</tagNames>
        <tagNames>bird</tagNames>
        <tagNames>sea</tagNames>
        <tagNames>sjö</tagNames>
        <tagNames>.demo-sea-bird</tagNames>
        <userID>3</userID>
        <userName>Admin</userName>
    </snippetCollection>
    <snippetCollection>
        <creationDate>2016-05-18</creationDate>
        <fileID>3235</fileID>
        <fileName>b-sm%C3%A5dopping-2_155.wav</fileName>
        <kbSize>840</kbSize>
        <lastModified>2016-05-18</lastModified>
        <lengthSec>4.880041666666667</lengthSec>
        <multiples>0</multiples>
        <snippetID>155</snippetID>
        <startTime>0.0</startTime>
        <tagNames>little_grebe</tagNames>
        <tagNames>smådopping</tagNames>
        <tagNames>vingburet_djur</tagNames>
        <tagNames>bird</tagNames>
        <tagNames>sea</tagNames>
        <tagNames>sjö</tagNames>
        <tagNames>.demo-sea-bird</tagNames>
        <userID>3</userID>
        <userName>Admin</userName>
    </snippetCollection>
    <snippetCollection>
        <creationDate>2016-05-18</creationDate>
        <fileID>3220</fileID>
        <fileName>b-havstrut-2_140.wav</fileName>
        <kbSize>980</kbSize>
        <lastModified>2016-05-18</lastModified>
        <lengthSec>5.69</lengthSec>
        <multiples>0</multiples>
        <snippetID>140</snippetID>
        <startTime>0.0</startTime>
        <tagNames>backed_gull</tagNames>
        <tagNames>havstrut</tagNames>
        <tagNames>vingburet_djur</tagNames>
        <tagNames>bird</tagNames>
        <tagNames>sea</tagNames>
        <tagNames>sjö</tagNames>
        <tagNames>.demo-sea-bird</tagNames>
        <userID>3</userID>
        <userName>Admin</userName>
    </snippetCollection>
    <snippetCollection>
        <creationDate>2016-05-18</creationDate>
        <fileID>3215</fileID>
        <fileName>b-gr%C3%A5hakedopping-3_137.wav</fileName>
        <kbSize>1030</kbSize>
        <lastModified>2016-05-18</lastModified>
        <lengthSec>5.98</lengthSec>
        <multiples>0</multiples>
        <snippetID>137</snippetID>
        <startTime>0.0</startTime>
        <tagNames>red-necked_grebe</tagNames>
        <tagNames>grhakedopping</tagNames>
        <tagNames>vingburet_djur</tagNames>
        <tagNames>bird</tagNames>
        <tagNames>sea</tagNames>
        <tagNames>sjö</tagNames>
        <tagNames>.demo-sea-bird</tagNames>
        <userID>3</userID>
        <userName>Admin</userName>
    </snippetCollection>
    <snippetCollection>
        <creationDate>2016-05-18</creationDate>
        <fileID>3233</fileID>
        <fileName>b-skrattm%C3%A5s-4_151.wav</fileName>
        <kbSize>1073</kbSize>
        <lastModified>2016-05-18</lastModified>
        <lengthSec>6.23</lengthSec>
        <multiples>0</multiples>
        <snippetID>151</snippetID>
        <startTime>0.0</startTime>
        <tagNames>gull</tagNames>
        <tagNames>skrattmås</tagNames>
        <tagNames>vingburet_djur</tagNames>
        <tagNames>bird</tagNames>
        <tagNames>sea</tagNames>
        <tagNames>sjö</tagNames>
        <tagNames>.demo-sea-bird</tagNames>
        <userID>3</userID>
        <userName>Admin</userName>
    </snippetCollection>
    <snippetCollection>
        <creationDate>2016-05-18</creationDate>
        <fileID>3234</fileID>
        <fileName>b-sm%C3%A5dopping-1_154.wav</fileName>
        <kbSize>1093</kbSize>
        <lastModified>2016-05-18</lastModified>
        <lengthSec>6.345458333333333</lengthSec>
        <multiples>0</multiples>
        <snippetID>154</snippetID>
        <startTime>0.0</startTime>
        <tagNames>little_grebe</tagNames>
        <tagNames>smådopping</tagNames>
        <tagNames>vingburet_djur</tagNames>
        <tagNames>bird</tagNames>
        <tagNames>sea</tagNames>
        <tagNames>sjö</tagNames>
        <tagNames>.demo-sea-bird</tagNames>
        <userID>3</userID>
        <userName>Admin</userName>
    </snippetCollection>
    <snippetCollection>
        <creationDate>2016-05-18</creationDate>
        <fileID>3214</fileID>
        <fileName>b-gr%C3%A5hakedopping-2_136.wav</fileName>
        <kbSize>1155</kbSize>
        <lastModified>2016-05-18</lastModified>
        <lengthSec>6.710020833333333</lengthSec>
        <multiples>0</multiples>
        <snippetID>136</snippetID>
        <startTime>0.0</startTime>
        <tagNames>red-necked_grebe</tagNames>
        <tagNames>grhakedopping</tagNames>
        <tagNames>vingburet_djur</tagNames>
        <tagNames>bird</tagNames>
        <tagNames>sea</tagNames>
        <tagNames>sjö</tagNames>
        <tagNames>.demo-sea-bird</tagNames>
        <userID>3</userID>
        <userName>Admin</userName>
    </snippetCollection>
    <tagsInSet>.demo-sea-bird</tagsInSet>
    <tagsInSet>backed_gull</tagsInSet>
    <tagsInSet>bird</tagsInSet>
    <tagsInSet>brent_goose</tagsInSet>
    <tagsInSet>gravand</tagsInSet>
    <tagsInSet>great_crested_grebe</tagsInSet>
    <tagsInSet>grhakedopping</tagsInSet>
    <tagsInSet>guillemot</tagsInSet>
    <tagsInSet>gull</tagsInSet>
    <tagsInSet>havstrut</tagsInSet>
    <tagsInSet>little_grebe</tagsInSet>
    <tagsInSet>prutgås</tagsInSet>
    <tagsInSet>red-necked_grebe</tagsInSet>
    <tagsInSet>sea</tagsInSet>
    <tagsInSet>shelduck</tagsInSet>
    <tagsInSet>sillgrissla</tagsInSet>
    <tagsInSet>sjö</tagsInSet>
    <tagsInSet>skrattmås</tagsInSet>
    <tagsInSet>skäggdopping</tagsInSet>
    <tagsInSet>smådopping</tagsInSet>
    <tagsInSet>vingburet_djur</tagsInSet>
</cocktail.snippet.SnippetSet>
