<?xml version="1.0" encoding="UTF-8" standalone="yes"?>
<cocktail.snippet.SnippetSet>
    <avgLenSec>4.829588141025641</avgLenSec>
    <maxLenSec>11.648916666666667</maxLenSec>
    <minLenSec>0.73</minLenSec>
    <numSnippets>39</numSnippets>
    <setName>2016-05-26-16-46-50-579</setName>
    <snippetCollection>
        <creationDate>2016-05-17</creationDate>
        <fileID>681</fileID>
        <fileName>b-rapph%C3%B6na-4_113.wav</fileName>
        <kbSize>125</kbSize>
        <lastModified>2016-05-17</lastModified>
        <lengthSec>0.73</lengthSec>
        <multiples>0</multiples>
        <snippetID>113</snippetID>
        <startTime>0.0</startTime>
        <tagNames>partridge</tagNames>
        <tagNames>rapphöna</tagNames>
        <tagNames>fågel</tagNames>
        <tagNames>bird</tagNames>
        <tagNames>forest</tagNames>
        <tagNames>skog</tagNames>
        <tagNames>.demo-forest-bird</tagNames>
        <userID>3</userID>
        <userName>Admin</userName>
    </snippetCollection>
    <snippetCollection>
        <creationDate>2016-05-17</creationDate>
        <fileID>694</fileID>
        <fileName>dalripa-3_130.wav</fileName>
        <kbSize>163</kbSize>
        <lastModified>2016-05-17</lastModified>
        <lengthSec>0.95</lengthSec>
        <multiples>0</multiples>
        <snippetID>130</snippetID>
        <startTime>0.0</startTime>
        <tagNames>willow_grouse</tagNames>
        <tagNames>dalripa</tagNames>
        <tagNames>fågel</tagNames>
        <tagNames>bird</tagNames>
        <tagNames>forest</tagNames>
        <tagNames>skog</tagNames>
        <tagNames>.demo-forest-bird</tagNames>
        <userID>3</userID>
        <userName>Admin</userName>
    </snippetCollection>
    <snippetCollection>
        <creationDate>2016-05-17</creationDate>
        <fileID>693</fileID>
        <fileName>dalripa-2_129.wav</fileName>
        <kbSize>174</kbSize>
        <lastModified>2016-05-17</lastModified>
        <lengthSec>1.01</lengthSec>
        <multiples>0</multiples>
        <snippetID>129</snippetID>
        <startTime>0.0</startTime>
        <tagNames>willow_grouse</tagNames>
        <tagNames>dalripa</tagNames>
        <tagNames>fågel</tagNames>
        <tagNames>bird</tagNames>
        <tagNames>forest</tagNames>
        <tagNames>skog</tagNames>
        <tagNames>.demo-forest-bird</tagNames>
        <userID>3</userID>
        <userName>Admin</userName>
    </snippetCollection>
    <snippetCollection>
        <creationDate>2016-05-17</creationDate>
        <fileID>692</fileID>
        <fileName>dalripa-1_128.wav</fileName>
        <kbSize>272</kbSize>
        <lastModified>2016-05-17</lastModified>
        <lengthSec>1.5800208333333334</lengthSec>
        <multiples>0</multiples>
        <snippetID>128</snippetID>
        <startTime>0.0</startTime>
        <tagNames>willow_grouse</tagNames>
        <tagNames>dalripa</tagNames>
        <tagNames>fågel</tagNames>
        <tagNames>bird</tagNames>
        <tagNames>forest</tagNames>
        <tagNames>skog</tagNames>
        <tagNames>.demo-forest-bird</tagNames>
        <userID>3</userID>
        <userName>Admin</userName>
    </snippetCollection>
    <snippetCollection>
        <creationDate>2016-05-17</creationDate>
        <fileID>676</fileID>
        <fileName>b-r%C3%B6dhake-3_118.wav</fileName>
        <kbSize>403</kbSize>
        <lastModified>2016-05-17</lastModified>
        <lengthSec>2.34</lengthSec>
        <multiples>0</multiples>
        <snippetID>118</snippetID>
        <startTime>0.0</startTime>
        <tagNames>european_robin</tagNames>
        <tagNames>rödhake</tagNames>
        <tagNames>fågel</tagNames>
        <tagNames>bird</tagNames>
        <tagNames>forest</tagNames>
        <tagNames>skog</tagNames>
        <tagNames>.demo-forest-bird</tagNames>
        <userID>3</userID>
        <userName>Admin</userName>
    </snippetCollection>
    <snippetCollection>
        <creationDate>2016-05-17</creationDate>
        <fileID>696</fileID>
        <fileName>dalripa-5_132.wav</fileName>
        <kbSize>411</kbSize>
        <lastModified>2016-05-17</lastModified>
        <lengthSec>2.3900208333333333</lengthSec>
        <multiples>0</multiples>
        <snippetID>132</snippetID>
        <startTime>0.0</startTime>
        <tagNames>willow_grouse</tagNames>
        <tagNames>dalripa</tagNames>
        <tagNames>fågel</tagNames>
        <tagNames>bird</tagNames>
        <tagNames>forest</tagNames>
        <tagNames>skog</tagNames>
        <tagNames>.demo-forest-bird</tagNames>
        <userID>3</userID>
        <userName>Admin</userName>
    </snippetCollection>
    <snippetCollection>
        <creationDate>2016-05-17</creationDate>
        <fileID>697</fileID>
        <fileName>dalripa-6_133.wav</fileName>
        <kbSize>487</kbSize>
        <lastModified>2016-05-17</lastModified>
        <lengthSec>2.83</lengthSec>
        <multiples>0</multiples>
        <snippetID>133</snippetID>
        <startTime>0.0</startTime>
        <tagNames>willow_grouse</tagNames>
        <tagNames>dalripa</tagNames>
        <tagNames>fågel</tagNames>
        <tagNames>bird</tagNames>
        <tagNames>forest</tagNames>
        <tagNames>skog</tagNames>
        <tagNames>.demo-forest-bird</tagNames>
        <userID>3</userID>
        <userName>Admin</userName>
    </snippetCollection>
    <snippetCollection>
        <creationDate>2016-05-17</creationDate>
        <fileID>663</fileID>
        <fileName>b-duvh%C3%B6k-2_97.wav</fileName>
        <kbSize>563</kbSize>
        <lastModified>2016-05-17</lastModified>
        <lengthSec>3.27</lengthSec>
        <multiples>0</multiples>
        <snippetID>97</snippetID>
        <startTime>0.0</startTime>
        <tagNames>duvhök</tagNames>
        <tagNames>goshawk</tagNames>
        <tagNames>forest</tagNames>
        <tagNames>skog</tagNames>
        <tagNames>fågel</tagNames>
        <tagNames>bird</tagNames>
        <tagNames>skog</tagNames>
        <tagNames>.demo-forest-bird</tagNames>
        <userID>3</userID>
        <userName>Admin</userName>
    </snippetCollection>
    <snippetCollection>
        <creationDate>2016-05-17</creationDate>
        <fileID>695</fileID>
        <fileName>dalripa-4_131.wav</fileName>
        <kbSize>570</kbSize>
        <lastModified>2016-05-17</lastModified>
        <lengthSec>3.31</lengthSec>
        <multiples>0</multiples>
        <snippetID>131</snippetID>
        <startTime>0.0</startTime>
        <tagNames>willow_grouse</tagNames>
        <tagNames>dalripa</tagNames>
        <tagNames>fågel</tagNames>
        <tagNames>bird</tagNames>
        <tagNames>forest</tagNames>
        <tagNames>skog</tagNames>
        <tagNames>.demo-forest-bird</tagNames>
        <userID>3</userID>
        <userName>Admin</userName>
    </snippetCollection>
    <snippetCollection>
        <creationDate>2016-05-17</creationDate>
        <fileID>684</fileID>
        <fileName>b-spillkr%C3%A5ka-1_120.wav</fileName>
        <kbSize>590</kbSize>
        <lastModified>2016-05-17</lastModified>
        <lengthSec>3.43</lengthSec>
        <multiples>0</multiples>
        <snippetID>120</snippetID>
        <startTime>0.0</startTime>
        <tagNames>crow</tagNames>
        <tagNames>spillkråka</tagNames>
        <tagNames>fågel</tagNames>
        <tagNames>bird</tagNames>
        <tagNames>forest</tagNames>
        <tagNames>skog</tagNames>
        <tagNames>.demo-forest-bird</tagNames>
        <userID>3</userID>
        <userName>Admin</userName>
    </snippetCollection>
    <snippetCollection>
        <creationDate>2016-05-17</creationDate>
        <fileID>667</fileID>
        <fileName>b-g%C3%B6k-2_101.wav</fileName>
        <kbSize>626</kbSize>
        <lastModified>2016-05-17</lastModified>
        <lengthSec>3.634708333333333</lengthSec>
        <multiples>0</multiples>
        <snippetID>101</snippetID>
        <startTime>0.0</startTime>
        <tagNames>gök</tagNames>
        <tagNames>cuckoo</tagNames>
        <tagNames>bird</tagNames>
        <tagNames>fågel</tagNames>
        <tagNames>forest</tagNames>
        <tagNames>skog</tagNames>
        <tagNames>.demo-forest-bird</tagNames>
        <userID>3</userID>
        <userName>Admin</userName>
    </snippetCollection>
    <snippetCollection>
        <creationDate>2016-05-17</creationDate>
        <fileID>672</fileID>
        <fileName>b-n%C3%A4ktergal-2_106.wav</fileName>
        <kbSize>654</kbSize>
        <lastModified>2016-05-17</lastModified>
        <lengthSec>3.8</lengthSec>
        <multiples>0</multiples>
        <snippetID>106</snippetID>
        <startTime>0.0</startTime>
        <tagNames>nachtegale</tagNames>
        <tagNames>näktergal</tagNames>
        <tagNames>fågel</tagNames>
        <tagNames>bird</tagNames>
        <tagNames>forest</tagNames>
        <tagNames>skog</tagNames>
        <tagNames>.demo-forest-bird</tagNames>
        <userID>3</userID>
        <userName>Admin</userName>
    </snippetCollection>
    <snippetCollection>
        <creationDate>2016-05-17</creationDate>
        <fileID>675</fileID>
        <fileName>b-r%C3%B6dhake-2_117.wav</fileName>
        <kbSize>675</kbSize>
        <lastModified>2016-05-17</lastModified>
        <lengthSec>3.92</lengthSec>
        <multiples>0</multiples>
        <snippetID>117</snippetID>
        <startTime>0.0</startTime>
        <tagNames>european_robin</tagNames>
        <tagNames>rödhake</tagNames>
        <tagNames>fågel</tagNames>
        <tagNames>bird</tagNames>
        <tagNames>forest</tagNames>
        <tagNames>skog</tagNames>
        <tagNames>.demo-forest-bird</tagNames>
        <userID>3</userID>
        <userName>Admin</userName>
    </snippetCollection>
    <snippetCollection>
        <creationDate>2016-05-17</creationDate>
        <fileID>671</fileID>
        <fileName>b-n%C3%A4ktergal-1_105.wav</fileName>
        <kbSize>682</kbSize>
        <lastModified>2016-05-17</lastModified>
        <lengthSec>3.9600208333333335</lengthSec>
        <multiples>0</multiples>
        <snippetID>105</snippetID>
        <startTime>0.0</startTime>
        <tagNames>nachtegale</tagNames>
        <tagNames>näktergal</tagNames>
        <tagNames>fågel</tagNames>
        <tagNames>bird</tagNames>
        <tagNames>forest</tagNames>
        <tagNames>skog</tagNames>
        <tagNames>.demo-forest-bird</tagNames>
        <userID>3</userID>
        <userName>Admin</userName>
    </snippetCollection>
    <snippetCollection>
        <creationDate>2016-05-17</creationDate>
        <fileID>687</fileID>
        <fileName>b-tr%C3%A4dpipl%C3%A4ra-1_123.wav</fileName>
        <kbSize>689</kbSize>
        <lastModified>2016-05-17</lastModified>
        <lengthSec>4.0</lengthSec>
        <multiples>0</multiples>
        <snippetID>123</snippetID>
        <startTime>0.0</startTime>
        <tagNames>wood_lark</tagNames>
        <tagNames>trädpiplärka</tagNames>
        <tagNames>fågel</tagNames>
        <tagNames>bird</tagNames>
        <tagNames>forest</tagNames>
        <tagNames>skog</tagNames>
        <tagNames>.demo-forest-bird</tagNames>
        <userID>3</userID>
        <userName>Admin</userName>
    </snippetCollection>
    <snippetCollection>
        <creationDate>2016-05-17</creationDate>
        <fileID>686</fileID>
        <fileName>b-spillkr%C3%A5ka-3_122.wav</fileName>
        <kbSize>730</kbSize>
        <lastModified>2016-05-17</lastModified>
        <lengthSec>4.24</lengthSec>
        <multiples>0</multiples>
        <snippetID>122</snippetID>
        <startTime>0.0</startTime>
        <tagNames>crow</tagNames>
        <tagNames>spillkråka</tagNames>
        <tagNames>fågel</tagNames>
        <tagNames>bird</tagNames>
        <tagNames>forest</tagNames>
        <tagNames>skog</tagNames>
        <tagNames>.demo-forest-bird</tagNames>
        <userID>3</userID>
        <userName>Admin</userName>
    </snippetCollection>
    <snippetCollection>
        <creationDate>2016-05-17</creationDate>
        <fileID>666</fileID>
        <fileName>b-g%C3%B6k-1_100.wav</fileName>
        <kbSize>742</kbSize>
        <lastModified>2016-05-17</lastModified>
        <lengthSec>4.309166666666667</lengthSec>
        <multiples>0</multiples>
        <snippetID>100</snippetID>
        <startTime>0.0</startTime>
        <tagNames>gök</tagNames>
        <tagNames>cuckoo</tagNames>
        <tagNames>bird</tagNames>
        <tagNames>fågel</tagNames>
        <tagNames>forest</tagNames>
        <tagNames>skog</tagNames>
        <tagNames>.demo-forest-bird</tagNames>
        <userID>3</userID>
        <userName>Admin</userName>
    </snippetCollection>
    <snippetCollection>
        <creationDate>2016-05-17</creationDate>
        <fileID>121</fileID>
        <fileName>b-duvh%C3%B6k-1_95.wav</fileName>
        <kbSize>830</kbSize>
        <lastModified>2016-05-17</lastModified>
        <lengthSec>4.82</lengthSec>
        <multiples>0</multiples>
        <snippetID>95</snippetID>
        <startTime>0.0</startTime>
        <tagNames>duvhök</tagNames>
        <tagNames>goshawk</tagNames>
        <tagNames>forest</tagNames>
        <tagNames>skog</tagNames>
        <tagNames>fågel</tagNames>
        <tagNames>bird</tagNames>
        <tagNames>skog</tagNames>
        <tagNames>.demo-forest-bird</tagNames>
        <userID>3</userID>
        <userName>Admin</userName>
    </snippetCollection>
    <snippetCollection>
        <creationDate>2016-05-17</creationDate>
        <fileID>121</fileID>
        <fileName>b-duvh%C3%B6k-1_96.wav</fileName>
        <kbSize>830</kbSize>
        <lastModified>2016-05-17</lastModified>
        <lengthSec>4.82</lengthSec>
        <multiples>0</multiples>
        <snippetID>96</snippetID>
        <startTime>0.0</startTime>
        <tagNames>duvhök</tagNames>
        <tagNames>goshawk</tagNames>
        <tagNames>forest</tagNames>
        <tagNames>skog</tagNames>
        <tagNames>fågel</tagNames>
        <tagNames>bird</tagNames>
        <tagNames>skog</tagNames>
        <tagNames>.demo-forest-bird</tagNames>
        <userID>3</userID>
        <userName>Admin</userName>
    </snippetCollection>
    <snippetCollection>
        <creationDate>2016-05-17</creationDate>
        <fileID>682</fileID>
        <fileName>b-ringduva-1_114.wav</fileName>
        <kbSize>857</kbSize>
        <lastModified>2016-05-17</lastModified>
        <lengthSec>4.977291666666667</lengthSec>
        <multiples>0</multiples>
        <snippetID>114</snippetID>
        <startTime>0.0</startTime>
        <tagNames>wood_pigeon</tagNames>
        <tagNames>ringduva</tagNames>
        <tagNames>fågel</tagNames>
        <tagNames>bird</tagNames>
        <tagNames>forest</tagNames>
        <tagNames>skog</tagNames>
        <tagNames>.demo-forest-bird</tagNames>
        <userID>3</userID>
        <userName>Admin</userName>
    </snippetCollection>
    <snippetCollection>
        <creationDate>2016-05-17</creationDate>
        <fileID>133</fileID>
        <fileName>b-n%C3%A4ktergal-3_107.wav</fileName>
        <kbSize>871</kbSize>
        <lastModified>2016-05-17</lastModified>
        <lengthSec>5.06</lengthSec>
        <multiples>0</multiples>
        <snippetID>107</snippetID>
        <startTime>0.0</startTime>
        <tagNames>nachtegale</tagNames>
        <tagNames>näktergal</tagNames>
        <tagNames>fågel</tagNames>
        <tagNames>bird</tagNames>
        <tagNames>forest</tagNames>
        <tagNames>skog</tagNames>
        <tagNames>.demo-forest-bird</tagNames>
        <userID>3</userID>
        <userName>Admin</userName>
    </snippetCollection>
    <snippetCollection>
        <creationDate>2016-05-17</creationDate>
        <fileID>133</fileID>
        <fileName>b-n%C3%A4ktergal-3_108.wav</fileName>
        <kbSize>871</kbSize>
        <lastModified>2016-05-17</lastModified>
        <lengthSec>5.06</lengthSec>
        <multiples>0</multiples>
        <snippetID>108</snippetID>
        <startTime>0.0</startTime>
        <tagNames>nachtegale</tagNames>
        <tagNames>näktergal</tagNames>
        <tagNames>fågel</tagNames>
        <tagNames>bird</tagNames>
        <tagNames>forest</tagNames>
        <tagNames>skog</tagNames>
        <tagNames>.demo-forest-bird</tagNames>
        <userID>3</userID>
        <userName>Admin</userName>
    </snippetCollection>
    <snippetCollection>
        <creationDate>2016-05-17</creationDate>
        <fileID>691</fileID>
        <fileName>b-tr%C3%A4dpipl%C3%A4ra-5_127.wav</fileName>
        <kbSize>880</kbSize>
        <lastModified>2016-05-17</lastModified>
        <lengthSec>5.113854166666667</lengthSec>
        <multiples>0</multiples>
        <snippetID>127</snippetID>
        <startTime>0.0</startTime>
        <tagNames>wood_lark</tagNames>
        <tagNames>trädpiplärka</tagNames>
        <tagNames>fågel</tagNames>
        <tagNames>bird</tagNames>
        <tagNames>forest</tagNames>
        <tagNames>skog</tagNames>
        <tagNames>.demo-forest-bird</tagNames>
        <userID>3</userID>
        <userName>Admin</userName>
    </snippetCollection>
    <snippetCollection>
        <creationDate>2016-05-17</creationDate>
        <fileID>674</fileID>
        <fileName>b-r%C3%B6dhake-1_116.wav</fileName>
        <kbSize>892</kbSize>
        <lastModified>2016-05-17</lastModified>
        <lengthSec>5.18</lengthSec>
        <multiples>0</multiples>
        <snippetID>116</snippetID>
        <startTime>0.0</startTime>
        <tagNames>european_robin</tagNames>
        <tagNames>rödhake</tagNames>
        <tagNames>fågel</tagNames>
        <tagNames>bird</tagNames>
        <tagNames>forest</tagNames>
        <tagNames>skog</tagNames>
        <tagNames>.demo-forest-bird</tagNames>
        <userID>3</userID>
        <userName>Admin</userName>
    </snippetCollection>
    <snippetCollection>
        <creationDate>2016-05-17</creationDate>
        <fileID>678</fileID>
        <fileName>b-rapph%C3%B6na-1_110.wav</fileName>
        <kbSize>932</kbSize>
        <lastModified>2016-05-17</lastModified>
        <lengthSec>5.41</lengthSec>
        <multiples>0</multiples>
        <snippetID>110</snippetID>
        <startTime>0.0</startTime>
        <tagNames>partridge</tagNames>
        <tagNames>rapphöna</tagNames>
        <tagNames>fågel</tagNames>
        <tagNames>bird</tagNames>
        <tagNames>forest</tagNames>
        <tagNames>skog</tagNames>
        <tagNames>.demo-forest-bird</tagNames>
        <userID>3</userID>
        <userName>Admin</userName>
    </snippetCollection>
    <snippetCollection>
        <creationDate>2016-05-17</creationDate>
        <fileID>673</fileID>
        <fileName>b-orre-1_109.wav</fileName>
        <kbSize>945</kbSize>
        <lastModified>2016-05-17</lastModified>
        <lengthSec>5.49</lengthSec>
        <multiples>0</multiples>
        <snippetID>109</snippetID>
        <startTime>0.0</startTime>
        <tagNames>black_grouse</tagNames>
        <tagNames>orre</tagNames>
        <tagNames>fågel</tagNames>
        <tagNames>bird</tagNames>
        <tagNames>forest</tagNames>
        <tagNames>skog</tagNames>
        <tagNames>.demo-forest-bird</tagNames>
        <userID>3</userID>
        <userName>Admin</userName>
    </snippetCollection>
    <snippetCollection>
        <creationDate>2016-05-17</creationDate>
        <fileID>683</fileID>
        <fileName>b-ringduva-2_115.wav</fileName>
        <kbSize>946</kbSize>
        <lastModified>2016-05-17</lastModified>
        <lengthSec>5.492395833333333</lengthSec>
        <multiples>0</multiples>
        <snippetID>115</snippetID>
        <startTime>0.0</startTime>
        <tagNames>wood_pigeon</tagNames>
        <tagNames>ringduva</tagNames>
        <tagNames>fågel</tagNames>
        <tagNames>bird</tagNames>
        <tagNames>forest</tagNames>
        <tagNames>skog</tagNames>
        <tagNames>.demo-forest-bird</tagNames>
        <userID>3</userID>
        <userName>Admin</userName>
    </snippetCollection>
    <snippetCollection>
        <creationDate>2016-05-17</creationDate>
        <fileID>685</fileID>
        <fileName>b-spillkr%C3%A5ka-2_121.wav</fileName>
        <kbSize>978</kbSize>
        <lastModified>2016-05-17</lastModified>
        <lengthSec>5.68</lengthSec>
        <multiples>0</multiples>
        <snippetID>121</snippetID>
        <startTime>0.0</startTime>
        <tagNames>crow</tagNames>
        <tagNames>spillkråka</tagNames>
        <tagNames>fågel</tagNames>
        <tagNames>bird</tagNames>
        <tagNames>forest</tagNames>
        <tagNames>skog</tagNames>
        <tagNames>.demo-forest-bird</tagNames>
        <userID>3</userID>
        <userName>Admin</userName>
    </snippetCollection>
    <snippetCollection>
        <creationDate>2016-05-17</creationDate>
        <fileID>665</fileID>
        <fileName>b-duvh%C3%B6k-4_99.wav</fileName>
        <kbSize>1028</kbSize>
        <lastModified>2016-05-17</lastModified>
        <lengthSec>5.97</lengthSec>
        <multiples>0</multiples>
        <snippetID>99</snippetID>
        <startTime>0.0</startTime>
        <tagNames>duvhök</tagNames>
        <tagNames>goshawk</tagNames>
        <tagNames>forest</tagNames>
        <tagNames>skog</tagNames>
        <tagNames>fågel</tagNames>
        <tagNames>bird</tagNames>
        <tagNames>skog</tagNames>
        <tagNames>.demo-forest-bird</tagNames>
        <userID>3</userID>
        <userName>Admin</userName>
    </snippetCollection>
    <snippetCollection>
        <creationDate>2016-05-17</creationDate>
        <fileID>670</fileID>
        <fileName>b-kornknarr-2_104.wav</fileName>
        <kbSize>1043</kbSize>
        <lastModified>2016-05-17</lastModified>
        <lengthSec>6.06</lengthSec>
        <multiples>0</multiples>
        <snippetID>104</snippetID>
        <startTime>0.0</startTime>
        <tagNames>corncrake</tagNames>
        <tagNames>kornkarr</tagNames>
        <tagNames>fågel</tagNames>
        <tagNames>bird</tagNames>
        <tagNames>forest</tagNames>
        <tagNames>skog</tagNames>
        <tagNames>.demo-forest-bird</tagNames>
        <userID>3</userID>
        <userName>Admin</userName>
    </snippetCollection>
    <snippetCollection>
        <creationDate>2016-05-17</creationDate>
        <fileID>677</fileID>
        <fileName>b-r%C3%B6dhake-4_119.wav</fileName>
        <kbSize>1052</kbSize>
        <lastModified>2016-05-17</lastModified>
        <lengthSec>6.11</lengthSec>
        <multiples>0</multiples>
        <snippetID>119</snippetID>
        <startTime>0.0</startTime>
        <tagNames>european_robin</tagNames>
        <tagNames>rödhake</tagNames>
        <tagNames>fågel</tagNames>
        <tagNames>bird</tagNames>
        <tagNames>forest</tagNames>
        <tagNames>skog</tagNames>
        <tagNames>.demo-forest-bird</tagNames>
        <userID>3</userID>
        <userName>Admin</userName>
    </snippetCollection>
    <snippetCollection>
        <creationDate>2016-05-17</creationDate>
        <fileID>680</fileID>
        <fileName>b-rapph%C3%B6na-3_112.wav</fileName>
        <kbSize>1088</kbSize>
        <lastModified>2016-05-17</lastModified>
        <lengthSec>6.32</lengthSec>
        <multiples>0</multiples>
        <snippetID>112</snippetID>
        <startTime>0.0</startTime>
        <tagNames>partridge</tagNames>
        <tagNames>rapphöna</tagNames>
        <tagNames>fågel</tagNames>
        <tagNames>bird</tagNames>
        <tagNames>forest</tagNames>
        <tagNames>skog</tagNames>
        <tagNames>.demo-forest-bird</tagNames>
        <userID>3</userID>
        <userName>Admin</userName>
    </snippetCollection>
    <snippetCollection>
        <creationDate>2016-05-17</creationDate>
        <fileID>668</fileID>
        <fileName>b-g%C3%B6k-3_102.wav</fileName>
        <kbSize>1121</kbSize>
        <lastModified>2016-05-17</lastModified>
        <lengthSec>6.5075</lengthSec>
        <multiples>0</multiples>
        <snippetID>102</snippetID>
        <startTime>0.0</startTime>
        <tagNames>gök</tagNames>
        <tagNames>cuckoo</tagNames>
        <tagNames>bird</tagNames>
        <tagNames>fågel</tagNames>
        <tagNames>forest</tagNames>
        <tagNames>skog</tagNames>
        <tagNames>.demo-forest-bird</tagNames>
        <userID>3</userID>
        <userName>Admin</userName>
    </snippetCollection>
    <snippetCollection>
        <creationDate>2016-05-17</creationDate>
        <fileID>688</fileID>
        <fileName>b-tr%C3%A4dpipl%C3%A4ra-2_124.wav</fileName>
        <kbSize>1267</kbSize>
        <lastModified>2016-05-17</lastModified>
        <lengthSec>7.3600208333333335</lengthSec>
        <multiples>0</multiples>
        <snippetID>124</snippetID>
        <startTime>0.0</startTime>
        <tagNames>wood_lark</tagNames>
        <tagNames>trädpiplärka</tagNames>
        <tagNames>fågel</tagNames>
        <tagNames>bird</tagNames>
        <tagNames>forest</tagNames>
        <tagNames>skog</tagNames>
        <tagNames>.demo-forest-bird</tagNames>
        <userID>3</userID>
        <userName>Admin</userName>
    </snippetCollection>
    <snippetCollection>
        <creationDate>2016-05-17</creationDate>
        <fileID>689</fileID>
        <fileName>b-tr%C3%A4dpipl%C3%A4ra-3_125.wav</fileName>
        <kbSize>1292</kbSize>
        <lastModified>2016-05-17</lastModified>
        <lengthSec>7.5</lengthSec>
        <multiples>0</multiples>
        <snippetID>125</snippetID>
        <startTime>0.0</startTime>
        <tagNames>wood_lark</tagNames>
        <tagNames>trädpiplärka</tagNames>
        <tagNames>fågel</tagNames>
        <tagNames>bird</tagNames>
        <tagNames>forest</tagNames>
        <tagNames>skog</tagNames>
        <tagNames>.demo-forest-bird</tagNames>
        <userID>3</userID>
        <userName>Admin</userName>
    </snippetCollection>
    <snippetCollection>
        <creationDate>2016-05-17</creationDate>
        <fileID>669</fileID>
        <fileName>b-kornknarr-1_103.wav</fileName>
        <kbSize>1321</kbSize>
        <lastModified>2016-05-17</lastModified>
        <lengthSec>7.67</lengthSec>
        <multiples>0</multiples>
        <snippetID>103</snippetID>
        <startTime>0.0</startTime>
        <tagNames>corncrake</tagNames>
        <tagNames>kornkarr</tagNames>
        <tagNames>fågel</tagNames>
        <tagNames>bird</tagNames>
        <tagNames>forest</tagNames>
        <tagNames>skog</tagNames>
        <tagNames>.demo-forest-bird</tagNames>
        <userID>3</userID>
        <userName>Admin</userName>
    </snippetCollection>
    <snippetCollection>
        <creationDate>2016-05-17</creationDate>
        <fileID>664</fileID>
        <fileName>b-duvh%C3%B6k-3_98.wav</fileName>
        <kbSize>1347</kbSize>
        <lastModified>2016-05-17</lastModified>
        <lengthSec>7.820020833333333</lengthSec>
        <multiples>0</multiples>
        <snippetID>98</snippetID>
        <startTime>0.0</startTime>
        <tagNames>duvhök</tagNames>
        <tagNames>goshawk</tagNames>
        <tagNames>forest</tagNames>
        <tagNames>skog</tagNames>
        <tagNames>fågel</tagNames>
        <tagNames>bird</tagNames>
        <tagNames>skog</tagNames>
        <tagNames>.demo-forest-bird</tagNames>
        <userID>3</userID>
        <userName>Admin</userName>
    </snippetCollection>
    <snippetCollection>
        <creationDate>2016-05-17</creationDate>
        <fileID>679</fileID>
        <fileName>b-rapph%C3%B6na-2_111.wav</fileName>
        <kbSize>1478</kbSize>
        <lastModified>2016-05-17</lastModified>
        <lengthSec>8.58</lengthSec>
        <multiples>0</multiples>
        <snippetID>111</snippetID>
        <startTime>0.0</startTime>
        <tagNames>partridge</tagNames>
        <tagNames>rapphöna</tagNames>
        <tagNames>fågel</tagNames>
        <tagNames>bird</tagNames>
        <tagNames>forest</tagNames>
        <tagNames>skog</tagNames>
        <tagNames>.demo-forest-bird</tagNames>
        <userID>3</userID>
        <userName>Admin</userName>
    </snippetCollection>
    <snippetCollection>
        <creationDate>2016-05-17</creationDate>
        <fileID>690</fileID>
        <fileName>b-tr%C3%A4dpipl%C3%A4ra-4_126.wav</fileName>
        <kbSize>2006</kbSize>
        <lastModified>2016-05-17</lastModified>
        <lengthSec>11.648916666666667</lengthSec>
        <multiples>0</multiples>
        <snippetID>126</snippetID>
        <startTime>0.0</startTime>
        <tagNames>wood_lark</tagNames>
        <tagNames>trädpiplärka</tagNames>
        <tagNames>fågel</tagNames>
        <tagNames>bird</tagNames>
        <tagNames>forest</tagNames>
        <tagNames>skog</tagNames>
        <tagNames>.demo-forest-bird</tagNames>
        <userID>3</userID>
        <userName>Admin</userName>
    </snippetCollection>
    <tagsInSet>.demo-forest-bird</tagsInSet>
    <tagsInSet>bird</tagsInSet>
    <tagsInSet>black_grouse</tagsInSet>
    <tagsInSet>corncrake</tagsInSet>
    <tagsInSet>crow</tagsInSet>
    <tagsInSet>cuckoo</tagsInSet>
    <tagsInSet>dalripa</tagsInSet>
    <tagsInSet>duvhök</tagsInSet>
    <tagsInSet>european_robin</tagsInSet>
    <tagsInSet>forest</tagsInSet>
    <tagsInSet>fågel</tagsInSet>
    <tagsInSet>goshawk</tagsInSet>
    <tagsInSet>gök</tagsInSet>
    <tagsInSet>kornkarr</tagsInSet>
    <tagsInSet>nachtegale</tagsInSet>
    <tagsInSet>näktergal</tagsInSet>
    <tagsInSet>orre</tagsInSet>
    <tagsInSet>partridge</tagsInSet>
    <tagsInSet>rapphöna</tagsInSet>
    <tagsInSet>ringduva</tagsInSet>
    <tagsInSet>rödhake</tagsInSet>
    <tagsInSet>skog</tagsInSet>
    <tagsInSet>spillkråka</tagsInSet>
    <tagsInSet>trädpiplärka</tagsInSet>
    <tagsInSet>willow_grouse</tagsInSet>
    <tagsInSet>wood_lark</tagsInSet>
    <tagsInSet>wood_pigeon</tagsInSet>
</cocktail.snippet.SnippetSet>
