<?xml version="1.0" encoding="UTF-8" standalone="yes"?>
<cocktail.snippet.SnippetSet>
    <avgLenSec>3.3333333333333335</avgLenSec>
    <maxLenSec>5.0</maxLenSec>
    <minLenSec>2.0</minLenSec>
    <numSnippets>3</numSnippets>
    <setName>2016-06-01-15-26-09-228</setName>
    <snippetCollection>
        <creationDate>2016-06-01</creationDate>
        <fileID>1988</fileID>
        <fileName>clap4_1304.wav</fileName>
        <kbSize>233</kbSize>
        <lastModified>2016-06-01</lastModified>
        <lengthSec>2.0</lengthSec>
        <multiples>0</multiples>
        <snippetID>1304</snippetID>
        <startTime>0.0</startTime>
        <tagNames>clap</tagNames>
        <tagNames>clap</tagNames>
        <tagNames>test2</tagNames>
        <tagNames>test1</tagNames>
        <tagNames>åäöåäö</tagNames>
        <userID>6</userID>
        <userName>Devel1</userName>
    </snippetCollection>
    <snippetCollection>
        <creationDate>2016-06-01</creationDate>
        <fileID>1987</fileID>
        <fileName>clap2_1306.wav</fileName>
        <kbSize>263</kbSize>
        <lastModified>2016-06-01</lastModified>
        <lengthSec>3.0</lengthSec>
        <multiples>0</multiples>
        <snippetID>1306</snippetID>
        <startTime>0.0</startTime>
        <tagNames>clap</tagNames>
        <tagNames>clap</tagNames>
        <tagNames>test2</tagNames>
        <tagNames>test1</tagNames>
        <tagNames>åäöåäö</tagNames>
        <userID>7</userID>
        <userName>Devel2</userName>
    </snippetCollection>
    <snippetCollection>
        <creationDate>2016-06-01</creationDate>
        <fileID>1989</fileID>
        <fileName>test1_1305.wav</fileName>
        <kbSize>498</kbSize>
        <lastModified>2016-06-01</lastModified>
        <lengthSec>5.0</lengthSec>
        <multiples>0</multiples>
        <snippetID>1305</snippetID>
        <startTime>0.0</startTime>
        <tagNames>clap</tagNames>
        <tagNames>clap</tagNames>
        <tagNames>test2</tagNames>
        <tagNames>test1</tagNames>
        <tagNames>åäöåäö</tagNames>
        <userID>7</userID>
        <userName>Devel2</userName>
    </snippetCollection>
    <tagsInSet>clap</tagsInSet>
    <tagsInSet>test1</tagsInSet>
    <tagsInSet>test2</tagsInSet>
    <tagsInSet>åäöåäö</tagsInSet>
</cocktail.snippet.SnippetSet>
