<?xml version="1.0" encoding="UTF-8" standalone="yes"?>
<cocktail.snippet.SnippetSet>
    <avgLenSec>5.47000566893424</avgLenSec>
    <maxLenSec>7.820022675736961</maxLenSec>
    <minLenSec>3.27</minLenSec>
    <numSnippets>4</numSnippets>
    <setName>2016-06-08-12-13-43-820</setName>
    <snippetCollection>
        <creationDate>2016-06-03</creationDate>
        <fileID>269</fileID>
        <fileName>b-duvhök-2_88.wav</fileName>
        <kbSize>563</kbSize>
        <lastModified>2016-06-03</lastModified>
        <lengthSec>3.27</lengthSec>
        <multiples>0</multiples>
        <snippetID>88</snippetID>
        <startTime>0.0</startTime>
        <tagNames>duvhök</tagNames>
        <tagNames>demo-skogsfågel</tagNames>
        <userID>5</userID>
        <userName>Unknown</userName>
    </snippetCollection>
    <snippetCollection>
        <creationDate>2016-06-03</creationDate>
        <fileID>268</fileID>
        <fileName>b-duvhök-1_87.wav</fileName>
        <kbSize>830</kbSize>
        <lastModified>2016-06-03</lastModified>
        <lengthSec>4.82</lengthSec>
        <multiples>0</multiples>
        <snippetID>87</snippetID>
        <startTime>0.0</startTime>
        <tagNames>duvhök</tagNames>
        <tagNames>demo-skogsfågel</tagNames>
        <userID>5</userID>
        <userName>Unknown</userName>
    </snippetCollection>
    <snippetCollection>
        <creationDate>2016-06-03</creationDate>
        <fileID>271</fileID>
        <fileName>b-duvhök-4_90.wav</fileName>
        <kbSize>1028</kbSize>
        <lastModified>2016-06-03</lastModified>
        <lengthSec>5.97</lengthSec>
        <multiples>0</multiples>
        <snippetID>90</snippetID>
        <startTime>0.0</startTime>
        <tagNames>duvhök</tagNames>
        <tagNames>demo-skogsfågel</tagNames>
        <userID>5</userID>
        <userName>Unknown</userName>
    </snippetCollection>
    <snippetCollection>
        <creationDate>2016-06-03</creationDate>
        <fileID>270</fileID>
        <fileName>b-duvhök-3_89.wav</fileName>
        <kbSize>1347</kbSize>
        <lastModified>2016-06-03</lastModified>
        <lengthSec>7.820022675736961</lengthSec>
        <multiples>0</multiples>
        <snippetID>89</snippetID>
        <startTime>0.0</startTime>
        <tagNames>duvhök</tagNames>
        <tagNames>demo-skogsfågel</tagNames>
        <userID>5</userID>
        <userName>Unknown</userName>
    </snippetCollection>
    <tagsInSet>demo-skogsfågel</tagsInSet>
    <tagsInSet>duvhök</tagsInSet>
</cocktail.snippet.SnippetSet>
