<?xml version="1.0" encoding="UTF-8" standalone="yes"?>
<cocktail.snippet.SnippetSet>
    <avgLenSec>3.0</avgLenSec>
    <maxLenSec>3.0</maxLenSec>
    <minLenSec>3.0</minLenSec>
    <numSnippets>3</numSnippets>
    <setName>2016-05-24-09-53-41-304</setName>
    <snippetCollection>
        <creationDate>2016-05-18</creationDate>
        <fileID>202</fileID>
        <fileName>clap2_220.wav</fileName>
        <kbSize>263</kbSize>
        <lastModified>2016-05-18</lastModified>
        <lengthSec>3.0</lengthSec>
        <multiples>0</multiples>
        <snippetID>220</snippetID>
        <startTime>2.0</startTime>
        <tagNames>ccllaapp</tagNames>
        <tagNames>test1</tagNames>
        <tagNames>test2</tagNames>
        <tagNames>åäöåäö</tagNames>
        <userID>7</userID>
        <userName>Devel2</userName>
    </snippetCollection>
    <snippetCollection>
        <creationDate>2016-05-18</creationDate>
        <fileID>202</fileID>
        <fileName>clap2_221.wav</fileName>
        <kbSize>263</kbSize>
        <lastModified>2016-05-18</lastModified>
        <lengthSec>3.0</lengthSec>
        <multiples>0</multiples>
        <snippetID>221</snippetID>
        <startTime>1.0</startTime>
        <tagNames>ccllaapp</tagNames>
        <tagNames>test1</tagNames>
        <tagNames>test2</tagNames>
        <tagNames>åäöåäö</tagNames>
        <userID>7</userID>
        <userName>Devel2</userName>
    </snippetCollection>
    <snippetCollection>
        <creationDate>2016-05-18</creationDate>
        <fileID>204</fileID>
        <fileName>retrobot_226.wav</fileName>
        <kbSize>263</kbSize>
        <lastModified>2016-05-18</lastModified>
        <lengthSec>3.0</lengthSec>
        <multiples>0</multiples>
        <snippetID>226</snippetID>
        <startTime>1.0</startTime>
        <tagNames>test1</tagNames>
        <tagNames>test2</tagNames>
        <tagNames>ccllaapp</tagNames>
        <tagNames>test2</tagNames>
        <tagNames>får</tagNames>
        <tagNames>ccllaapp</tagNames>
        <tagNames>test1</tagNames>
        <tagNames>åäöåäögl</tagNames>
        <tagNames>åäöåäögl</tagNames>
        <userID>3</userID>
        <userName>Admin</userName>
    </snippetCollection>
    <tagsInSet>ccllaapp</tagsInSet>
    <tagsInSet>får</tagsInSet>
    <tagsInSet>test1</tagsInSet>
    <tagsInSet>test2</tagsInSet>
    <tagsInSet>åäöåäö</tagsInSet>
    <tagsInSet>åäöåäögl</tagsInSet>
</cocktail.snippet.SnippetSet>
